 Imunizações - Doses Aplicadas - Brasil ;;;;;;;;;;;;;;;;;;;;;;;;;;;;;
Doses_aplicadas por Capital segundo Ano/mês;;;;;;;;;;;;;;;;;;;;;;;;;;;;;
"Imunobiológicos:BCG (BCG),Haemophilus influenzae tipo b (Hib),Meningococo A/C (MnAC),Meningococo B/C (MnBC),Meningocócica Conjugada - C (MncC),Pentavalente (DTP+HB+Hib) (PENTA),Pneumocócica 10valente,Pneumocócica Conjugada 7 Valente (Pnc7),Pneumocócica Polissacarídica 23 Valente (Pn23),Pneumocócica 13 valente,Tetravalente (DTP/Hib) (TETRA),Penta inativada (DTPa/Hib/Vip),Meningocócica ACWY135,Meningocócica  B; Ano:1994-2022; ";;;;;;;;;;;;;;;;;;;;;;;;;;;;;
Ano/mês;Porto Velho;Rio Branco;Manaus;Boa Vista;Belém;Macapá;Palmas;São Luís;Teresina;Fortaleza;Natal;João Pessoa;Recife;Maceió;Aracaju;Salvador;Belo Horizonte;Vitória;Rio de Janeiro;São Paulo;Curitiba;Florianópolis;Porto Alegre;Campo Grande;Cuiabá;Goiânia;Brasília;Ignorado; Total
1994;13.048;8.514;18.849;7.936;33.367;0;0;42.402;17.983;60.621;16.475;0;90.233;0;0;73.109;0;7.432;0;0;0;7.576;0;0;23.183;15.887;0;1.739.944;2.176.559
1995;14.744;13.328;41.165;7.855;41.777;6.966;0;46.232;21.890;65.265;16.684;4.257;101.126;22.695;16.510;40.636;0;10.524;232.206;211.564;41.559;6.849;30.392;0;14.581;35.628;734;3.507.341;4.552.508
1996;14.675;8.991;50.006;8.463;36.641;12.496;3.081;43.776;21.632;94.843;16.912;16.445;106.520;22.830;15.062;40.199;0;9.751;182.281;206.153;28.929;6.354;46.437;18.343;17.145;33.748;60.921;3.477.410;4.600.044
1997;10.575;7.127;53.031;8.330;35.223;11.569;5.295;54.372;20.160;106.985;16.727;21.379;87.135;23.155;16.350;60.739;28.475;9.286;225.468;250.659;32.340;6.751;45.948;20.064;21.476;45.481;67.653;4.289.223;5.580.976
1998;14.238;9.218;855.207;9.178;25.392;12.966;8.155;46.843;23.083;65.101;16.545;21.760;90.908;63.961;17.055;58.896;22.936;9.615;193.472;280.386;33.615;4.941;42.310;20.809;24.140;38.844;209.618;3.968.503;6.187.695
1999;16.250;10.119;54.655;10.455;70.332;22.371;18.174;54.229;35.094;134.747;23.227;19.040;162.367;72.434;25.784;48.743;194.153;10.293;361.538;290.287;31.105;6.030;47.009;27.951;29.711;91.784;275.052;5.398.726;7.541.660
2000;37.420;22.187;160.960;60.446;133.114;44.036;27.795;111.094;92.868;220.785;74.202;49.292;174.891;100.905;76.784;168.759;210.768;22.819;457.443;1.018.686;111.011;23.764;113.080;78.652;56.331;122.324;235.497;11.883.571;15.889.484
2001;33.641;40.606;177.647;29.693;145.406;77.739;30.140;125.410;73.256;217.816;65.784;52.313;161.920;81.380;59.228;187.628;219.112;23.670;435.428;926.336;114.602;22.750;97.785;82.034;50.927;114.882;240.928;13.257.233;17.145.294
2002;33.221;31.098;183.513;28.978;129.276;36.529;21.601;111.307;70.643;214.804;64.942;51.538;139.797;104.172;42.099;171.151;172.372;21.090;501.515;786.609;100.792;22.573;92.658;72.475;47.964;89.811;213.493;12.037.652;15.593.673
2003;31.402;33.235;175.334;29.545;126.619;37.429;22.459;119.099;67.739;249.959;66.516;53.878;141.178;93.589;41.822;188.482;182.088;23.157;438.860;867.550;109.317;20.124;97.214;64.536;52.806;96.663;217.743;12.040.687;15.689.030
2004/Jan;2.787;2.662;14.716;2.333;9.787;3.639;1.963;9.177;5.874;17.310;5.659;4.754;10.731;7.838;3.575;11.085;18.815;2.055;40.647;73.350;9.079;1.519;9.596;3.582;3.355;8.105;18.665;960.149;1.262.807
2004/Fev;2.272;2.539;11.576;2.995;10.438;2.461;1.485;8.656;4.842;15.801;3.587;4.116;11.674;8.301;3.485;15.804;12.345;1.760;29.631;80.850;6.959;1.704;7.619;5.095;4.750;7.981;16.394;904.138;1.189.258
2004/Mar;2.715;2.902;12.648;2.223;8.578;3.012;1.839;9.681;5.915;14.692;5.439;4.948;10.543;7.870;3.543;13.114;18.241;1.964;40.624;74.186;9.629;1.303;9.281;4.611;4.331;7.706;21.762;1.006.403;1.309.703
2004/Abr;2.610;2.632;14.040;2.359;10.231;2.969;1.588;8.126;5.234;15.445;4.627;5.193;12.619;8.504;3.592;18.912;14.772;21.697;33.655;102.471;7.887;1.724;8.090;4.924;4.348;8.651;29.316;1.008.453;1.364.669
2004/Mai;2.572;2.255;12.337;2.511;8.556;2.415;1.606;10.050;5.218;16.484;2.881;5.038;10.782;8.418;3.469;14.673;14.636;7.606;30.136;97.035;7.919;1.642;7.300;4.623;3.887;7.927;16.651;976.603;1.285.230
2004/Jun;2.507;2.543;7.406;2.926;9.710;3.468;1.985;9.774;5.496;19.261;5.463;5.372;11.788;8.059;3.811;19.623;13.075;3.790;41.039;86.548;9.220;1.579;9.361;5.227;5.247;7.977;17.169;1.108.972;1.428.396
2004/Jul;2.478;2.411;11.972;2.177;8.742;2.735;1.685;9.580;5.720;16.288;4.833;4.633;10.701;8.902;3.037;14.385;14.912;3.681;37.934;70.515;8.148;1.704;6.938;4.616;4.145;7.846;16.115;921.305;1.208.138
2004/Ago;2.672;2.381;13.973;2.758;10.269;3.062;1.977;10.810;5.935;19.327;6.140;4.373;13.096;7.679;3.706;15.044;15.982;2.553;39.933;82.130;9.213;1.747;9.029;5.303;4.448;8.095;17.624;1.093.381;1.412.640
2004/Set;2.791;3.225;13.581;2.666;9.090;3.304;1.742;9.995;5.342;20.794;4.562;4.653;9.882;7.860;3.091;19.732;13.608;2.331;35.384;71.275;7.561;1.892;6.885;4.707;5.028;7.519;16.025;919.766;1.214.291
2004/Out;2.358;3.374;12.005;2.369;9.613;2.647;1.741;9.599;5.236;22.667;5.499;4.757;11.204;8.473;3.462;11.158;14.677;1.886;37.673;66.287;8.405;1.935;7.210;4.084;3.527;7.853;16.448;949.954;1.236.101
2004/Nov;2.651;2.593;12.524;2.733;11.479;2.989;1.767;9.053;5.785;22.623;5.075;4.452;11.676;7.728;2.892;14.696;14.367;1.744;33.148;69.894;8.346;1.774;8.296;0;4.057;7.928;16.226;931.362;1.217.858
2004/Dez;2.312;2.390;12.224;1.962;10.009;3.069;1.283;8.299;4.993;15.073;5.068;4.235;9.992;7.320;2.024;14.353;14.369;1.658;29.960;70.355;7.623;1.674;7.700;4.319;3.650;7.183;16.252;830.865;1.100.214
2005/Jan;2.882;2.642;12.885;3.065;10.329;2.835;1.864;9.772;5.544;16.882;4.996;5.766;10.813;6.599;2.739;13.899;16.132;1.860;36.455;79.552;8.812;2.042;9.572;4.654;2.806;7.900;15.948;940.912;1.240.157
2005/Fev;2.796;2.593;12.296;2.860;10.212;2.517;1.595;8.132;4.943;14.524;4.547;4.890;10.538;7.619;2.623;14.258;13.297;1.804;33.749;65.996;7.804;1.578;9.099;5.119;4.229;7.746;15.090;875.342;1.147.796
2005/Mar;2.929;2.369;12.882;2.713;10.106;2.867;1.599;9.349;5.555;16.077;5.154;5.147;10.815;8.197;2.732;13.926;15.146;2.114;36.272;74.835;8.663;1.672;8.485;4.335;4.170;7.810;17.150;943.721;1.236.790
2005/Abr;2.665;2.778;13.499;2.585;10.748;2.716;1.656;9.943;5.502;15.093;5.178;4.902;11.719;8.345;3.039;14.743;14.363;2.093;34.484;78.718;25.298;1.809;7.902;4.341;4.083;8.015;20.861;950.021;1.267.099
2005/Mai;2.774;2.876;14.637;2.769;10.728;2.880;1.538;9.410;5.027;15.899;4.685;4.925;10.450;6.685;2.649;14.864;16.791;2.137;41.811;103.233;8.809;1.636;8.358;4.595;4.231;7.739;20.428;968.486;1.301.050
2005/Jun;2.903;3.332;13.817;2.701;12.276;4.008;1.999;9.867;6.044;19.297;4.314;5.991;11.663;7.385;2.206;14.719;14.522;2.406;44.792;82.345;8.755;1.838;9.261;5.233;5.044;7.910;17.015;1.122.557;1.444.200
2005/Jul;2.700;2.311;14.463;2.529;10.089;2.709;1.465;9.173;4.930;16.753;5.484;4.517;9.408;8.012;2.591;15.168;14.047;1.921;39.980;66.929;9.123;1.631;6.481;4.112;4.861;8.455;15.942;908.811;1.194.595
2005/Ago;3.148;3.013;15.515;2.950;11.846;3.650;2.119;10.118;5.879;22.175;5.868;6.106;12.942;8.803;2.647;15.075;18.009;2.490;45.985;82.056;10.674;1.856;9.223;5.202;4.487;8.435;18.112;1.158.336;1.496.719
2005/Set;2.440;2.542;12.956;2.467;11.047;3.635;1.737;8.988;5.053;18.258;5.126;4.295;10.852;7.501;2.642;16.920;16.576;1.911;36.285;65.652;8.550;1.631;6.170;3.968;5.229;7.368;17.555;916.472;1.203.826
2005/Out;2.887;2.763;13.846;2.700;11.032;2.937;1.539;9.029;5.227;17.488;5.036;4.926;10.875;8.025;2.991;13.713;15.317;2.215;36.969;67.659;8.336;1.668;7.601;4.026;4.592;6.871;15.495;941.601;1.227.364
2005/Nov;2.729;2.536;13.197;2.622;10.992;3.042;1.543;9.108;5.214;17.733;5.330;5.187;10.783;7.642;2.583;14.909;14.311;2.162;37.572;69.322;8.323;1.805;7.988;4.348;4.572;9.070;15.903;936.365;1.226.891
2005/Dez;2.310;2.987;12.420;2.885;9.359;2.441;1.515;8.258;4.833;16.751;4.180;4.861;10.717;6.985;2.771;16.699;12.947;1.809;33.634;60.559;11.141;1.530;7.560;4.094;4.421;7.312;15.657;881.768;1.152.404
2006/Jan;2.793;2.549;14.803;2.793;12.938;3.388;1.967;9.522;5.563;17.525;4.869;4.648;11.356;8.460;2.694;15.545;17.072;1.809;40.783;70.441;10.462;1.623;9.067;4.330;3.550;7.768;18.657;958.374;1.265.349
2006/Fev;2.204;2.360;12.642;3.061;10.783;2.489;1.530;8.144;4.747;13.914;5.013;4.485;10.823;8.391;2.753;11.407;11.799;1.574;28.488;60.584;7.783;1.600;9.764;4.156;4.569;8.230;12.763;861.117;1.117.173
2006/Mar;2.990;2.548;15.915;4.613;9.944;4.146;2.179;9.216;5.745;17.659;4.941;4.439;12.115;7.073;2.736;14.312;17.077;1.841;42.135;74.714;10.940;1.799;8.818;4.070;3.938;7.678;21.073;961.326;1.275.980
2006/Abr;2.429;3.355;12.557;2.342;11.073;2.573;1.630;7.208;5.056;14.023;4.053;4.646;10.772;6.448;3.010;12.916;13.154;1.784;27.724;64.672;9.390;1.602;7.412;4.211;3.879;7.750;18.411;882.567;1.146.647
2006/Mai;2.830;2.773;13.868;2.726;9.470;3.294;1.818;8.723;5.095;15.934;4.639;5.376;10.303;4.261;2.196;13.512;13.038;1.921;33.453;84.430;10.412;2.003;7.600;4.453;3.624;8.960;22.818;919.204;1.218.734
2006/Jun;2.715;3.141;14.718;2.314;11.333;3.533;1.594;8.339;5.528;240;4.889;5.510;10.604;7.214;2.631;14.383;11.295;2.166;32.899;74.130;9.006;2.063;7.377;4.372;4.673;9.204;16.420;992.882;1.265.173
2006/Jul;2.679;2.473;13.673;2.322;9.645;2.946;1.526;8.421;5.098;14.818;5.209;5.254;9.546;6.211;2.518;15.066;10.346;1.796;30.671;69.710;10.535;1.700;6.101;4.729;3.251;8.712;16.819;822.053;1.093.828
2006/Ago;2.840;2.806;14.126;2.420;10.353;3.407;1.659;7.432;5.945;17.781;5.767;5.945;10.740;5.832;2.593;16.325;12.090;2.115;32.427;80.402;10.830;2.126;6.669;4.550;3.922;8.494;18.691;951.055;1.249.342
2006/Set;2.417;3.245;13.388;1.925;11.278;2.803;1.451;7.914;4.758;13.543;4.830;4.546;10.108;6.181;1.876;14.873;10.823;2.008;26.942;65.012;8.863;1.573;6.269;4.940;3.572;8.611;15.538;825.393;1.084.680
2006/Out;2.586;2.618;13.949;1.961;11.347;3.255;1.497;8.881;5.297;14.092;4.932;4.901;9.131;5.989;2.697;15.419;10.969;1.923;29.802;70.474;11.162;1.803;6.607;4.443;3.697;9.320;17.377;852.194;1.128.323
2006/Nov;2.367;2.804;15.769;2.155;10.791;2.815;1.481;8.645;5.139;14.824;4.331;4.889;8.844;5.749;2.820;14.526;10.486;2.115;27.968;63.942;9.405;1.579;6.523;4.200;3.594;8.371;16.329;828.285;1.090.746
2006/Dez;2.353;2.846;13.871;1.916;10.861;2.523;1.208;7.636;4.892;12.935;3.797;4.841;8.530;5.469;2.666;11.306;9.902;1.878;27.179;62.231;8.821;1.768;6.118;4.797;3.407;8.534;15.626;755.351;1.003.262
2007/Jan;2.894;2.729;15.979;2.241;10.636;3.729;1.564;8.958;5.534;15.562;4.384;5.390;9.165;6.673;3.106;14.745;11.225;2.505;30.735;72.133;10.605;2.240;6.218;4.725;3.244;8.256;18.085;857.516;1.140.776
2007/Fev;2.267;2.738;13.411;1.975;10.525;2.642;1.210;7.430;4.923;12.286;4.212;3.774;8.479;4.559;2.584;10.437;10.133;2.193;26.038;67.746;8.574;1.573;5.720;4.309;4.057;9.608;15.214;761.694;1.010.311
2007/Mar;3.009;2.686;15.337;2.084;9.614;3.555;1.517;8.224;5.578;14.952;4.709;4.777;9.244;6.118;2.714;14.803;13.875;2.503;32.243;74.082;11.023;1.857;6.835;4.730;3.200;9.508;17.964;848.620;1.135.361
2007/Abr;2.590;2.818;9.483;2.393;11.200;2.903;1.513;7.669;5.177;13.193;4.655;5.728;9.654;5.538;2.996;12.610;11.363;1.777;29.304;86.654;8.691;2.110;6.376;4.622;3.666;8.679;19.600;840.014;1.122.976
2007/Mai;2.835;2.982;13.336;1.790;9.668;3.136;1.447;7.858;5.159;13.986;4.172;4.973;9.890;5.491;2.541;14.046;14.146;1.517;29.995;100.594;10.344;2.208;6.732;4.824;2.862;9.525;20.917;866.404;1.173.378
2007/Jun;2.957;3.304;14.654;2.483;11.427;2.759;1.451;7.928;5.120;16.101;4.143;5.385;9.191;5.931;3.015;13.679;11.691;2.180;29.309;80.006;10.377;1.754;7.106;5.314;4.062;9.755;16.696;906.535;1.194.313
2007/Jul;2.726;2.684;14.107;2.002;9.030;2.887;1.422;7.927;5.151;12.978;4.192;4.867;8.882;6.250;3.086;14.257;10.626;2.620;28.281;66.882;9.487;2.116;6.085;3.963;3.418;9.880;16.914;795.980;1.058.700
2007/Ago;2.966;2.737;14.414;2.277;9.294;2.373;1.555;8.508;5.311;16.648;4.921;5.287;11.257;5.309;3.837;16.414;12.297;2.200;32.268;84.373;11.057;2.103;6.289;4.605;3.738;9.245;18.659;922.485;1.222.427
2007/Set;2.365;2.837;10.351;1.836;10.832;3.202;1.324;6.913;5.061;12.569;4.252;4.753;8.040;5.117;3.852;12.387;9.214;1.808;27.801;62.529;8.188;1.847;6.220;4.681;4.524;9.988;14.804;774.571;1.021.866
2007/Out;2.685;2.732;16.390;1.984;8.751;3.043;1.480;8.556;5.061;15.251;4.980;5.106;8.779;5.132;3.470;15.152;11.586;1.968;24.388;61.502;10.065;1.956;6.321;6.045;3.533;10.226;19.005;823.125;1.088.272
2007/Nov;2.848;2.666;12.397;1.954;10.187;2.720;1.418;8.258;5.121;13.465;4.403;4.594;8.998;4.362;3.563;12.741;10.793;2.043;23.576;67.867;9.219;1.939;5.818;4.454;3.995;10.323;16.847;794.769;1.051.338
2007/Dez;0;2.640;12.488;2.052;9.121;2.529;1.143;6.546;4.481;12.898;3.980;4.472;7.765;0;3.070;9.931;11.333;1.842;23.392;58.439;8.019;1.729;5.487;3.595;3.607;10.128;14.954;710.798;936.439
2008/Jan;2.378;2.668;14.649;2.291;9.423;3.328;1.500;9.076;4.948;11.691;4.522;5.407;8.283;5.934;3.427;11.475;12.937;2.337;29.999;76.173;9.975;2.291;6.868;5.159;3.085;9.600;16.728;888.297;1.164.449
2008/Fev;2.318;2.400;12.117;2.181;8.940;2.601;1.251;7.363;4.810;12.887;4.272;2.962;8.124;4.983;2.968;12.268;11.429;1.741;28.084;68.055;8.479;2.540;5.829;4.165;4.058;10.457;16.003;766.088;1.019.373
2008/Mar;2.607;2.857;13.070;2.110;9.374;3.164;1.314;8.591;4.541;12.378;4.450;4.553;8.154;3.856;2.937;9.579;9.782;2.205;29.015;67.373;9.820;2.318;5.634;4.462;3.604;9.824;16.612;773.789;1.027.973
2008/Abr;2.827;2.989;13.165;1.892;9.775;3.374;1.310;7.741;5.068;13.648;4.595;4.841;9.029;5.324;3.006;9.237;11.908;2.124;27.792;85.369;9.112;2.079;6.057;4.147;3.604;8.529;20.655;811.426;1.090.623
2008/Mai;2.531;3.123;12.491;2.037;8.976;3.346;1.366;7.913;4.727;11.789;4.751;4.300;8.214;4.308;2.953;12.141;11.906;3.481;25.727;97.823;9.740;2.433;6.187;5.390;3.872;9.156;23.263;804.542;1.098.486
2008/Jun;2.718;3.187;15.587;2.091;10.046;3.347;1.385;8.145;5.173;13.204;4.104;5.248;8.738;2.991;3.426;8.871;12.701;1.748;29.578;77.493;9.635;2.174;6.685;4.729;3.521;13.526;16.066;866.446;1.142.563
2008/Jul;2.700;2.475;13.364;3.789;8.121;3.063;1.364;7.776;4.751;12.743;3.779;4.717;8.509;1.297;3.665;13.089;13.964;2.191;29.231;74.775;9.985;1.961;6.209;5.119;3.986;7.915;17.036;804.802;1.072.376
2008/Ago;2.635;2.772;14.556;2.617;10.133;2.853;1.324;8.562;5.006;15.445;3.500;5.061;8.735;3.376;3.463;13.394;12.732;1.899;28.185;74.382;10.028;2.082;6.768;5.664;3.383;11.845;16.843;884.349;1.161.592
2008/Set;2.803;2.787;14.344;2.340;9.167;3.605;1.350;7.663;4.878;15.039;3.092;4.388;8.450;3.408;3.207;12.896;12.638;3.260;27.409;69.766;10.209;2.321;6.306;4.831;3.714;10.987;16.978;795.685;1.063.521
2008/Out;2.878;2.842;13.755;1.998;8.963;3.149;1.388;7.887;4.989;9.317;4.280;4.527;8.435;4.652;3.343;12.455;11.960;2.438;30.274;72.936;10.303;1.995;6.040;5.086;3.391;9.037;17.284;809.462;1.075.064
2008/Nov;2.645;2.683;13.304;2.303;10.879;2.947;1.359;8.358;5.219;13.991;4.682;4.732;10.021;3.975;3.599;12.961;15.097;2.921;27.100;67.934;9.805;2.065;7.367;4.592;3.980;8.352;16.030;794.093;1.062.994
2008/Dez;2.470;2.693;12.936;1.626;9.190;2.821;1.253;7.418;4.604;11.843;4.366;3.662;8.084;4.392;3.299;11.724;15.810;2.052;27.463;64.586;8.872;2.190;6.320;3.971;3.110;9.141;16.968;729.507;982.371
2009/Jan;2.923;2.673;15.862;2.042;8.890;3.716;1.626;8.524;5.319;15.597;5.027;4.362;9.569;6.485;2.599;13.931;14.842;2.718;30.308;78.745;11.206;2.813;6.313;6.061;4.766;12.286;18.096;842.843;1.140.142
2009/Fev;2.377;2.761;14.497;2.386;10.025;2.528;1.245;6.873;4.511;12.035;4.415;4.133;7.544;5.345;2.798;11.213;11.745;1.947;26.525;66.377;9.285;2.167;5.656;4.182;2.841;10.023;15.153;758.778;1.009.365
2009/Mar;2.886;2.604;14.178;2.001;8.896;4.051;1.640;9.250;5.524;15.248;4.349;4.718;8.904;5.206;3.424;13.629;15.458;2.870;32.068;77.250;11.173;2.842;6.839;5.064;4.325;10.883;19.259;855.849;1.150.388
2009/Abr;2.721;2.757;14.878;2.267;9.273;3.209;1.460;7.359;4.958;13.237;4.244;4.729;8.556;5.761;2.576;11.778;13.985;2.432;29.264;95.999;9.912;2.295;6.056;5.188;4.157;10.678;20.168;831.701;1.131.598
2009/Mai;2.967;2.693;14.680;2.587;9.227;3.483;1.479;8.139;5.296;12.856;4.777;4.168;7.283;5.758;3.161;12.474;14.726;2.590;28.615;105.667;10.026;2.257;5.677;5.262;3.849;9.155;19.803;847.417;1.156.072
2009/Jun;2.884;3.347;13.726;2.158;9.393;3.241;1.483;8.585;5.024;15.268;5.080;4.951;6.506;6.089;3.142;14.810;15.451;2.242;28.878;79.376;10.557;2.008;7.438;5.693;3.599;10.307;17.764;866.192;1.155.192
2009/Jul;2.876;2.539;13.607;1.994;6.837;3.232;1.486;7.822;4.319;13.749;4.414;4.259;9.115;6.071;3.276;14.090;12.351;2.897;26.508;70.350;9.651;2.930;6.362;5.062;3.267;10.734;18.929;791.497;1.060.224
2009/Ago;2.749;2.755;14.790;2.530;9.343;3.045;1.467;7.905;4.909;14.817;4.341;4.423;9.246;5.710;3.806;13.415;10.857;1.833;31.123;73.759;9.944;2.267;6.556;4.677;4.057;7.448;17.320;820.623;1.095.715
2009/Set;3.002;3.259;15.999;2.810;9.643;3.795;1.390;8.557;4.999;15.695;4.344;4.575;9.376;6.294;3.977;14.472;14.192;2.539;31.566;81.497;10.078;2.720;7.106;5.112;3.930;9.603;18.890;843.387;1.142.807
2009/Out;2.677;2.449;14.707;2.681;8.822;2.911;1.572;8.117;4.957;12.763;4.847;4.564;8.485;6.002;3.333;8.364;17.065;1.679;19.545;68.623;9.781;2.398;6.041;4.223;3.480;8.152;17.501;772.546;1.028.285
2009/Nov;2.706;2.975;15.284;2.063;9.170;3.228;1.513;8.346;5.059;13.527;4.659;5.178;9.192;6.223;3.278;14.584;46.710;2.936;28.637;73.779;10.504;2.470;7.121;5.027;3.374;11.194;16.778;1.161.608;1.477.123
2009/Dez;2.478;2.698;12.881;1.519;9.670;2.390;1.406;7.437;4.237;11.423;4.133;4.358;8.762;5.463;3.457;12.602;16.807;2.488;25.057;67.410;9.546;2.396;6.069;4.271;2.815;14.974;18.565;769.518;1.034.830
2010/Jan;2.687;2.607;15.293;2.097;9.809;3.283;1.568;8.595;5.168;14.997;4.904;4.159;8.671;5.790;3.130;12.769;21.742;2.366;30.673;72.025;10.868;2.619;6.453;5.894;3.462;12.504;18.470;884.941;1.177.544
2010/Fev;2.407;2.266;14.192;2.059;8.658;2.834;1.312;7.635;4.684;12.254;4.334;4.298;7.524;5.069;3.203;101.387;21.166;2.391;25.771;69.550;9.819;2.382;5.591;4.519;3.090;9.477;15.500;854.874;1.208.246
2010/Mar;3.035;2.511;16.246;2.148;9.833;3.844;1.682;8.467;5.395;14.528;5.344;6.866;15.135;5.649;3.450;54.140;37.408;5.643;32.011;115.883;10.899;6.218;6.787;8.949;3.175;10.722;19.458;1.365.967;1.781.393
2010/Abr;2.934;2.538;15.610;5.160;8.874;2.884;2.256;7.017;4.431;12.501;4.629;9.387;15.593;4.424;3.207;54.309;28.836;4.137;27.377;155.751;19.537;4.405;5.404;13.729;3.972;9.067;16.253;1.461.985;1.906.207
2010/Mai;4.358;2.495;15.175;4.046;8.786;2.450;3.413;7.459;4.850;12.810;6.897;7.019;15.457;5.326;3.768;76.806;33.295;5.425;29.319;134.952;15.653;2.420;6.779;8.447;4.188;10.023;19.900;1.387.310;1.838.826
2010/Jun;4.654;2.819;16.984;3.350;8.649;7.121;3.216;7.808;4.699;14.193;8.488;7.536;15.738;4.122;5.565;81.157;30.639;4.962;27.033;153.238;22.586;5.104;10.194;9.936;4.376;15.663;41.667;1.494.303;2.015.800
2010/Jul;4.087;2.500;20.922;4.128;11.110;3.243;3.046;7.942;5.819;13.219;9.224;7.404;13.169;7.909;5.770;30.902;29.209;4.374;29.555;112.696;20.406;4.542;12.391;9.171;4.432;19.357;32.646;1.434.718;1.863.891
2010/Ago;4.314;3.311;25.070;3.466;10.878;3.096;3.315;8.534;4.688;15.227;10.113;6.958;15.477;10.979;8.350;47.233;30.548;2.895;31.009;145.435;21.862;4.662;13.530;9.148;3.969;21.097;39.233;1.619.839;2.124.236
2010/Set;4.298;3.147;24.885;4.364;8.644;2.806;2.994;8.276;5.018;78.683;6.256;5.246;10.293;8.334;6.604;23.352;29.569;5.797;27.710;145.623;17.572;3.850;7.473;8.356;5.491;17.305;39.006;1.459.753;1.970.705
2010/Out;5.021;3.457;24.283;5.127;11.668;4.936;3.960;10.185;7.996;32.876;6.898;5.160;16.209;11.847;6.724;26.681;35.880;5.227;72.989;150.761;24.730;3.731;15.315;7.389;6.846;17.712;37.237;1.658.073;2.218.918
2010/Nov;6.023;4.228;27.066;4.481;13.058;5.369;4.794;14.395;11.044;42.141;9.924;5.925;19.829;15.245;4.763;26.059;27.719;4.124;87.541;180.945;32.262;6.595;13.981;14.210;8.695;26.680;40.679;1.934.888;2.592.663
2010/Dez;6.471;5.530;34.081;5.039;13.892;4.334;3.787;14.016;9.620;29.741;9.713;7.053;19.490;13.136;6.072;29.249;26.273;5.164;77.409;153.454;23.974;5.046;18.833;11.473;7.900;20.268;48.120;1.857.077;2.466.215
2011/Jan;7.756;5.166;36.991;4.759;17.053;8.372;4.831;17.845;24.689;35.247;11.468;7.735;22.466;14.106;9.243;37.259;30.509;5.918;82.290;177.182;29.785;6.358;18.412;14.730;8.426;24.956;46.656;2.047.178;2.757.386
2011/Fev;8.060;6.126;37.353;5.646;19.148;8.181;3.796;17.288;14.685;32.863;12.315;8.672;23.758;13.868;8.962;52.696;27.280;4.589;79.981;172.437;25.181;5.436;17.465;13.174;7.755;19.946;40.498;2.051.629;2.738.788
2011/Mar;7.980;5.776;34.705;5.995;22.465;8.777;4.323;20.519;14.405;29.626;10.846;9.590;20.428;11.314;8.403;25.947;30.434;4.938;78.560;168.619;27.461;5.901;15.969;11.882;8.536;20.253;37.512;2.015.598;2.666.762
2011/Abr;7.614;5.664;35.810;5.980;23.681;8.242;4.067;18.921;13.891;28.739;11.799;9.172;22.897;10.241;10.684;36.824;27.350;4.346;75.263;169.874;22.998;5.347;16.158;11.499;8.749;18.284;37.376;2.043.518;2.694.988
2011/Mai;7.080;6.345;33.829;5.880;24.937;8.050;3.712;18.020;11.627;28.916;11.027;10.862;21.158;13.019;9.643;34.083;27.592;4.741;75.647;210.501;25.392;6.429;16.338;12.338;8.702;18.266;40.939;2.044.711;2.739.784
2011/Jun;8.125;6.896;34.949;5.161;23.823;8.065;3.870;17.984;10.680;32.996;11.069;12.289;19.703;12.441;9.076;32.015;29.520;4.886;75.422;170.155;23.077;5.389;16.618;12.328;8.083;20.256;33.863;2.094.751;2.743.490
2011/Jul;8.147;6.245;33.444;6.282;20.711;7.572;3.659;17.875;11.370;32.958;11.455;10.483;20.768;7.900;8.733;30.390;28.553;6.686;75.621;163.884;22.114;5.378;14.736;12.322;8.753;19.013;35.533;1.985.742;2.616.327
2011/Ago;8.052;6.513;34.056;4.774;22.171;7.591;3.993;16.652;11.555;35.496;11.462;12.014;24.348;5.702;9.085;37.650;31.645;4.984;85.177;179.915;24.433;5.579;16.727;12.966;8.149;20.215;28.353;2.215.571;2.884.828
2011/Out;6.805;6.251;30.262;6.974;17.230;6.758;4.172;17.067;11.513;32.677;11.155;10.595;22.327;5.766;9.779;36.725;24.893;5.612;71.267;154.120;21.510;5.064;15.576;12.179;7.717;17.755;38.411;2.004.957;2.615.117
2011/Nov;7.436;6.630;33.123;6.877;17.907;7.467;4.341;16.013;12.497;33.290;11.263;10.120;22.220;7.248;8.762;32.732;27.388;4.383;73.478;161.403;23.694;5.188;14.518;15.256;7.312;19.212;37.747;2.001.091;2.628.596
2011/Set;7.604;6.417;31.623;4.427;20.622;7.001;3.817;17.194;11.755;32.579;11.365;10.242;21.537;6.740;8.858;34.542;27.897;5.239;74.887;159.071;21.285;5.433;15.185;14.285;8.279;20.099;12.457;1.970.340;2.570.780
2011/Dez;7.438;5.202;32.272;5.518;19.000;6.364;4.096;15.883;11.149;29.397;10.347;11.380;21.407;7.033;8.770;35.277;26.759;3.607;67.996;143.558;21.895;4.477;14.341;11.224;6.565;10.096;39.094;1.838.571;2.418.716
2012/Jan;10.149;6.037;35.550;5.483;18.006;7.867;4.199;18.141;13.312;37.371;12.350;10.211;21.009;14.053;8.568;33.351;31.551;4.650;78.117;165.453;25.578;4.854;14.786;12.831;9.617;20.323;39.521;2.035.172;2.698.110
2012/Fev;9.293;5.834;32.665;5.315;18.838;6.874;4.082;16.097;11.640;28.135;10.226;10.170;21.315;14.040;9.211;29.607;26.497;3.519;66.341;151.126;20.488;4.394;13.803;9.903;7.879;17.877;37.077;1.878.196;2.470.442
2012/Mar;8.208;5.882;35.615;6.271;20.021;8.290;4.712;17.149;13.007;33.655;12.183;10.349;20.997;13.205;7.297;33.459;29.023;3.856;78.681;164.981;23.249;5.494;15.139;12.572;8.221;17.520;40.825;1.985.863;2.635.724
2012/Abr;6.780;6.292;36.563;4.803;19.220;7.822;3.556;16.691;12.051;35.982;10.544;10.462;22.199;13.684;7.844;31.610;26.758;3.965;68.005;150.665;20.411;4.764;14.900;11.400;7.928;16.398;37.343;1.875.180;2.483.820
2012/Mai;7.250;5.844;33.057;34;17.352;7.316;4.238;15.275;12.469;35.309;11.083;10.372;20.722;12.898;9.238;31.127;32.158;4.468;74.821;202.635;25.568;5.278;16.145;13.157;7.773;19.510;46.019;2.018.465;2.699.581
2012/Jun;7.957;6.114;36.271;5.472;18.845;6.467;3.846;15.929;12.278;36.640;11.430;11.904;21.856;13.580;8.405;34.576;32.076;4.515;78.198;176.876;23.167;5.378;15.700;12.373;7.985;19.931;40.728;2.019.546;2.688.043
2012/Jul;7.596;5.444;34.095;5.778;17.517;7.906;3.881;15.130;11.597;31.538;11.648;10.566;19.007;13.920;8.383;32.293;29.645;4.477;76.187;154.716;23.175;4.928;14.184;12.831;7.018;21.598;40.285;1.956.779;2.582.122
2012/Ago;12.169;6.971;44.763;6.801;23.900;10.462;3.463;27.666;15.459;38.826;15.326;10.132;26.738;17.484;8.636;36.005;35.363;7.720;86.381;204.296;25.256;5.708;19.165;14.096;7.781;22.365;49.473;2.287.476;3.069.881
2012/Set;6.750;5.249;32.093;5.848;18.547;6.124;3.755;19.927;13.365;29.347;10.586;9.969;22.127;13.437;8.167;36.042;25.322;4.955;66.461;139.759;18.919;4.816;12.810;10.768;5.859;18.158;19.337;1.855.887;2.424.384
2012/Out;6.692;5.033;33.430;4.878;8.806;7.474;3.844;17.886;11.227;31.823;10.412;10.614;19.478;11.928;8.615;28.636;28.442;5.343;75.000;154.289;23.744;5.186;14.776;12.456;6.714;20.307;40.412;1.928.802;2.536.247
2012/Nov;6.437;5.234;30.471;5.740;15.780;6.267;3.456;16.065;13.097;31.235;9.815;8.813;19.823;12.676;7.591;27.442;31.978;4.954;67.910;147.026;21.564;5.145;13.547;12.067;6.062;18.911;35.505;1.868.497;2.453.108
2012/Dez;5.464;2.470;32.931;5.276;16.010;5.372;2.683;12.616;11.210;27.503;9.171;11.735;19.617;10.338;2.898;29.597;23.329;4.011;63.803;133.651;19.520;4.203;13.509;9.876;5.736;16.750;34.628;1.614.658;2.148.565
2013/Jan;9.241;5.627;34.329;5.873;18.009;7.886;4.846;18.613;11.691;36.258;10.680;10.440;21.012;13.433;8.743;26.693;29.924;5.044;77.122;165.365;25.760;5.512;15.228;13.737;9.107;21.869;44.368;2.037.777;2.694.187
2013/Fev;6.710;5.060;33.162;6.860;17.717;6.204;3.550;14.646;11.354;30.225;10.013;8.968;20.886;11.651;7.842;26.697;29.353;4.331;67.187;304.604;20.626;4.847;13.877;10.910;7.077;18.160;38.336;1.838.507;2.579.360
2013/Mar;7.374;6.271;35.485;5.718;18.771;6.895;3.285;15.073;11.841;32.319;11.106;9.892;21.877;10.752;8.339;30.790;27.508;4.089;71.697;151.179;22.475;4.726;16.062;11.796;8.331;19.057;37.949;1.882.152;2.492.809
2013/Abr;8.474;6.578;24.303;5.974;19.304;6.646;4.557;17.149;11.718;35.869;10.875;10.277;20.951;14.074;8.084;30.491;30.316;4.659;76.662;195.017;25.497;6.511;17.326;13.265;8.454;21.370;43.166;2.068.461;2.746.028
2013/Mai;10.402;5.324;9.263;6.756;16.496;6.559;3.762;15.645;13.156;31.529;8.042;9.343;22.355;11.756;8.027;29.590;27.318;4.169;73.556;163.467;21.255;5.347;14.534;11.504;8.095;18.068;38.323;1.859.259;2.452.900
2013/Jun;9.242;6.327;34.042;6.263;13.595;7.245;3.773;16.846;13.217;36.221;7.803;9.609;21.626;14.538;7.827;31.214;31.818;3.862;81.473;167.073;23.937;5.385;15.879;12.836;8.551;21.280;39.781;2.078.468;2.729.731
2013/Jul;10.813;4.768;31.081;5.854;16.634;7.457;3.684;14.425;11.254;32.609;10.166;10.368;17.670;13.804;7.544;32.475;29.668;5.111;69.516;153.207;23.601;4.347;13.888;11.098;7.970;19.394;85.229;1.955.071;2.608.706
2013/Ago;7.919;9.839;36.025;3.994;18.898;8.357;3.568;17.441;13.350;37.550;10.701;9.740;14.683;17.324;8.417;33.805;33.030;5.805;102.717;165.000;24.879;3.613;14.119;12.755;12.445;17.152;48.783;2.197.928;2.889.837
2013/Set;9.221;5.267;46.268;5.169;25.728;9.349;4.351;19.889;15.725;43.444;12.930;13.670;19.738;14.100;11.302;59.621;34.992;4.960;95.457;190.392;28.381;5.924;19.162;14.237;9.072;23.811;47.024;2.425.571;3.214.755
2013/Out;6.511;5.092;34.975;4.946;17.153;6.902;4.356;15.552;13.382;33.350;8.529;10.124;17.329;13.274;7.998;29.859;30.724;5.190;76.994;368.474;23.907;5.422;14.623;11.530;8.461;19.290;39.189;2.018.788;2.851.924
2013/Nov;7.779;5.349;33.350;593;17.835;7.037;4.075;15.683;13.260;35.377;9.049;11.107;16.862;14.348;7.545;29.822;30.017;5.484;73.591;159.934;21.614;4.020;13.154;12.620;7.269;17.774;38.327;1.928.584;2.541.459
2013/Dez;7.573;5.301;33.431;2.542;16.791;6.443;3.393;13.356;11.240;28.995;9.731;9.745;18.851;11.408;8.079;26.205;27.252;5.518;68.898;143.348;20.298;4.174;12.302;10.818;6.566;16.159;35.558;1.675.425;2.239.400
2014/Jan;8.271;5.598;31.258;6.044;22.655;8.137;4.708;18.253;12.991;35.835;10.453;10.733;22.104;13.546;8.365;29.628;7.437;4.822;78.554;172.575;26.248;5.829;17.337;12.907;8.487;21.614;43.579;2.254.635;2.902.603
2014/Fev;7.632;5.633;38.890;5.832;23.479;7.050;3.581;14.065;12.251;33.124;10.439;11.142;21.687;13.529;4.042;31.626;13.569;4.032;73.623;147.812;20.803;4.771;14.286;11.133;9.035;18.314;38.150;1.968.343;2.567.873
2014/Mar;8.696;2.886;30.860;5.598;17.375;6.685;4.078;14.835;12.447;29.729;9.732;10.449;20.589;11.672;5.529;27.119;100;4.948;73.932;154.888;22.687;4.649;15.274;11.721;8.174;19.856;45.853;1.977.847;2.558.208
2014/Abr;8.366;6.394;35.446;6.291;22.724;7.390;4.153;14.986;12.549;30.119;9.238;10.823;20.386;11.945;5.424;32.599;15.330;5.379;72.700;171.546;23.533;5.498;15.922;12.483;8.718;20.618;41.532;2.003.592;2.635.684
2014/Mai;8.104;5.182;33.327;5.320;20.064;6.652;3.940;13.568;10.021;30.033;6.927;10.033;21.065;11.242;7.757;28.575;9.634;4.361;79.514;185.826;21.439;5.601;15.878;11.597;7.862;20.125;40.922;1.945.283;2.569.852
2014/Jun;6.437;5.058;34.673;5.544;18.019;5.844;3.468;13.062;11.474;28.289;8.667;9.890;20.210;11.622;9.281;28.135;21.004;4.432;73.327;154.210;21.563;4.791;13.589;11.815;7.830;13.450;37.228;1.895.190;2.478.102
2014/Jul;8.362;4.448;35.801;4.365;15.344;6.775;4.511;14.440;12.773;36.461;11.377;9.924;22.484;12.420;7.673;30.123;20.083;4.957;84.823;170.472;24.141;5.894;17.396;13.285;8.937;23.148;48.244;2.158.854;2.817.515
2014/Ago;8.418;6.737;37.454;5.552;16.978;6.975;4.418;14.267;13.471;34.920;11.172;11.028;20.180;11.245;9.177;34.239;23.775;4.506;77.667;167.408;21.528;5.263;15.640;11.652;8.438;19.984;39.678;2.177.068;2.818.838
2014/Set;10.119;3.531;37.026;5.751;16.122;6.667;4.363;14.097;12.306;35.811;10.838;10.947;20.718;12.801;8.505;32.400;25.428;4.624;85.310;167.346;152.042;5.589;16.758;12.771;8.374;21.639;41.173;2.088.290;2.871.346
2014/Out;8.489;3.051;34.936;4.154;14.985;7.408;4.251;13.372;10.698;32.887;10.591;11.387;21.785;12.029;8.143;31.460;24.506;5.399;78.531;164.881;22.601;5.928;15.794;12.018;8.059;20.566;40.460;2.000.431;2.628.800
2014/Nov;10.032;3.478;36.940;3.145;14.433;3.520;4.587;15.425;12.136;42.113;13.110;11.210;22.385;11.533;9.354;36.016;25.132;5.619;81.781;170.697;22.397;5.387;17.749;13.043;9.770;22.344;33.329;2.081.238;2.737.903
2014/Dez;7.082;2.416;35.820;6.130;13.409;6.425;3.643;11.456;9.540;26.493;8.914;9.083;19.740;11.432;7.725;29.477;22.698;3.421;73.357;137.862;18.467;4.680;12.273;11.055;7.200;17.816;27.722;1.647.208;2.192.544
2015/Jan;6.960;5.161;36.301;4.658;16.539;8.319;5.067;16.192;11.344;45.946;10.069;10.653;22.282;15.050;7.950;28.323;26.225;4.123;77.424;166.551;23.563;4.834;15.426;13.437;8.293;18.102;40.331;2.144.961;2.794.084
2015/Fev;7.635;6.489;38.361;6.665;14.314;7.150;3.917;12.628;10.586;39.349;9.218;9.005;22.404;9.665;7.764;30.678;21.570;3.505;71.678;143.108;19.232;4.889;13.337;11.281;7.921;15.552;38.710;1.851.930;2.438.541
2015/Mar;8.104;6.605;40.458;6.363;17.511;8.479;4.511;15.540;12.867;35.414;9.271;9.971;23.304;10.820;8.194;30.603;25.577;4.658;84.785;160.106;21.955;4.561;16.628;13.987;9.541;20.020;43.366;2.088.366;2.741.565
2015/Abr;7.195;7.559;38.672;6.011;13.114;7.000;4.908;14.392;10.628;33.176;8.629;9.565;22.748;11.407;7.606;29.764;23.533;3.717;76.770;152.088;21.477;5.232;14.037;12.299;8.632;12.382;39.258;1.927.648;2.529.447
2015/Mai;7.949;8.215;37.664;6.324;13.923;7.482;4.719;14.377;9.706;34.512;11.763;10.359;22.223;13.735;9.194;28.919;21.708;4.437;82.801;201.105;21.658;4.185;13.758;13.325;9.629;19.743;39.943;2.000.979;2.674.335
2015/Jun;10.137;6.691;41.571;6.591;14.532;6.226;4.818;13.149;9.755;35.656;8.970;9.571;21.530;11.471;7.227;25.833;26.251;4.313;80.365;159.105;21.823;6.141;14.220;9.749;8.673;18.994;39.247;1.952.837;2.575.446
2015/Jul;8.461;4.538;37.663;5.744;13.922;8.087;5.065;14.830;10.223;37.119;10.275;10.486;23.163;15.330;9.018;29.282;27.441;5.409;92.754;170.470;24.411;5.061;16.299;13.707;12.097;19.009;31.512;2.104.789;2.766.165
2015/Ago;12.917;13.697;59.913;9.531;18.617;16.565;8.670;23.746;11.297;60.780;18.395;14.530;32.444;16.059;11.723;69.938;39.417;6.445;124.111;215.681;31.069;7.854;24.925;23.491;8.361;33.357;40.541;2.974.254;3.928.328
2015/Set;9.135;4.460;36.831;4.624;9.005;6.995;3.942;14.494;9.775;32.242;9.641;9.673;22.196;12.498;7.783;41.751;24.766;4.416;79.257;153.524;19.420;4.345;12.656;13.465;7.476;18.436;8.753;1.865.123;2.446.682
2015/Out;7.587;4.949;35.305;5.746;8.907;7.264;4.156;14.199;9.283;38.323;9.545;9.757;22.446;13.134;6.977;27.301;21.791;4.310;79.869;150.908;18.786;5.904;15.651;12.563;8.917;17.657;6.147;1.860.065;2.427.447
2015/Nov;7.643;4.671;34.632;5.577;7.130;7.286;3.988;15.804;9.484;45.296;9.404;10.476;22.140;12.467;7.173;30.138;28.180;4.100;79.589;148.259;21.508;5.364;15.565;12.903;9.374;18.915;8.460;1.867.964;2.453.490
2015/Dez;6.851;3.587;31.037;6.947;4.440;7.092;3.282;12.451;8.937;42.074;8.917;9.833;21.001;12.103;6.320;27.980;24.833;3.892;76.458;136.389;21.365;5.285;13.738;9.590;7.131;16.293;6.572;1.612.685;2.147.083
2016/Jan;10.907;7.022;37.826;6.119;18.011;9.057;4.695;15.962;11.136;41.678;9.037;10.825;22.581;15.359;5.996;26.488;27.304;5.106;99.273;135.978;21.780;7.526;12.996;14.849;9.012;20.635;66.036;2.091.860;2.765.054
2016/Fev;7.820;5.441;31.878;7.696;15.398;7.833;4.063;13.972;9.503;41.069;8.668;9.650;20.753;9.706;5.722;26.614;24.527;4.746;83.831;122.212;19.300;5.647;11.912;12.256;8.255;18.073;71.486;1.807.796;2.415.827
2016/Mar;9.101;5.496;37.854;7.123;16.263;9.611;4.114;16.200;11.097;42.055;8.710;9.500;21.171;10.862;7.169;26.354;27.454;5.248;96.371;134.921;20.566;4.659;12.662;12.099;8.701;18.524;58.607;1.864.049;2.506.541
2016/Abr;9.869;5.185;35.907;5.652;14.431;7.226;4.286;16.507;9.593;47.957;9.344;10.603;23.761;10.960;6.215;25.394;23.941;5.216;82.839;115.310;20.058;5.893;11.923;11.821;8.344;16.769;54.511;1.714.453;2.313.968
2016/Mai;6.919;5.614;32.533;5.602;14.065;7.932;3.712;13.892;9.772;42.669;9.601;8.741;20.257;10.726;5.938;29.802;24.932;4.850;73.507;123.187;18.577;6.639;11.460;13.257;8.023;16.289;56.814;1.690.110;2.275.420
2016/Jun;8.494;5.313;29.781;5.062;15.471;7.697;3.841;14.111;9.297;44.891;8.752;8.639;21.567;11.250;4.379;27.160;26.145;4.774;84.867;23.814;20.947;5.748;10.471;13.300;7.759;18.142;53.583;1.735.861;2.231.116
2016/Jul;7.116;4.591;30.520;5.181;11.735;6.852;3.555;13.145;9.700;42.988;10.071;8.787;21.625;12.961;7.099;31.108;24.317;3.659;79.399;121.447;18.858;5.031;9.051;11.474;7.580;11.411;47.585;1.717.731;2.284.577
2016/Ago;8.644;4.849;62.112;5.852;14.925;8.958;3.998;14.553;11.221;43.760;10.319;9.981;19.442;13.054;6.628;27.145;26.619;4.910;86.957;137.062;21.401;4.082;13.567;11.539;8.675;14.016;52.639;1.869.071;2.515.979
2016/Set;14.811;9.835;75.729;7.860;32.125;14.012;5.868;20.516;16.945;81.953;14.919;16.594;31.373;16.662;9.613;42.518;42.725;8.352;119.530;274.918;32.750;9.077;26.512;20.259;13.365;29.034;68.388;3.129.701;4.185.944
2016/Out;7.662;4.784;31.434;5.519;8.905;7.241;3.702;11.722;8.435;44.316;8.287;7.297;17.908;11.279;3.261;27.491;22.752;4.310;71.943;115.672;17.102;3.982;13.201;10.040;7.104;13.517;38.234;1.528.130;2.055.230
2016/Nov;6.673;4.856;33.810;5.653;11.582;7.188;3.519;13.359;8.994;46.434;7.751;7.468;19.141;12.330;6.917;19.839;22.685;4.488;73.446;117.370;18.854;4.682;13.281;11.326;7.629;14.541;39.399;1.611.861;2.155.076
2016/Dez;7.300;3.933;26.387;4.734;10.024;7.137;3.030;10.580;8.009;45.577;7.105;7.215;20.021;9.391;2.200;26.732;21.057;3.956;65.718;111.114;16.134;5.297;11.593;9.267;6.737;12.526;62.123;1.284.262;1.809.159
2017/Jan;11.652;5.833;38.798;7.465;16.540;5.665;4.584;16.469;10.435;32.964;1.950;10.682;24.804;13.285;6.779;18.538;32.911;5.491;91.391;145.661;22.455;1.590;16.771;14.074;8.160;16.055;35.390;2.053.068;2.669.460
2017/Fev;10.857;4.874;29.272;7.423;12.184;5.275;3.227;11.544;8.166;26.543;3.012;9.176;18.753;9.039;4.202;21.937;23.168;3.190;72.248;108.106;16.981;988;11.655;12.590;8.054;12.527;28.998;1.612.048;2.096.037
2017/Mar;11.854;6.102;40.602;7.348;18.074;6.487;4.623;15.673;10.362;35.612;4.309;9.319;20.946;13.175;8.485;15.257;29.675;4.992;98.041;150.001;22.167;2.913;16.706;13.335;8.419;17.122;40.674;2.144.984;2.777.257
2017/Abr;10.999;5.092;30.248;7.410;12.208;6.174;3.529;12.056;8.087;32.532;3.554;9.863;13.590;9.321;5.787;36.975;22.325;3.995;71.104;125.882;17.200;3.742;14.654;11.663;8.560;13.922;31.590;1.687.862;2.219.924
2017/Mai;9.510;6.656;33.961;7.339;14.760;6.620;4.427;13.608;9.865;36.610;3.951;8.377;17.924;11.554;7.021;38.559;28.194;5.129;86.963;153.174;21.109;2.605;13.631;14.109;8.292;15.510;38.303;1.939.680;2.557.441
2017/Jun;6.200;5.245;30.409;6.193;12.234;5.771;3.284;12.336;7.433;29.842;4.215;8.270;21.682;8.923;5.231;40.915;23.840;5.252;85.517;131.787;19.198;2.127;12.411;12.262;7.681;11.691;27.639;1.707.981;2.255.569
2017/Jul;6.269;5.041;32.850;7.145;11.139;5.683;3.615;14.217;9.376;39.418;6.481;8.384;19.598;11.976;4.562;28.758;25.113;5.611;89.375;133.393;19.942;2.052;14.459;12.690;7.268;16.319;36.068;1.803.845;2.380.647
2017/Ago;7.240;5.916;34.523;7.100;15.114;7.223;4.105;14.847;10.550;48.281;7.387;12.035;19.516;14.089;6.416;30.513;26.901;5.721;93.367;142.719;20.884;2.199;16.312;14.259;14.747;17.047;35.486;2.060.549;2.695.046
2017/Set;7.942;10.046;65.078;5.305;22.227;13.994;4.561;17.052;16.209;70.626;12.165;14.153;32.698;18.805;14.005;47.567;45.335;5.850;113.048;248.642;31.921;4.713;23.830;20.984;5.984;29.536;62.372;3.352.871;4.317.519
2017/Out;7.559;5.940;31.558;9.398;15.848;7.976;5.544;13.557;11.963;48.827;6.685;10.234;21.657;12.480;7.356;27.113;25.401;6.052;85.387;137.293;19.052;3.118;13.291;10.501;7.503;14.665;35.048;1.909.684;2.510.690
2017/Nov;7.418;5.172;31.441;5.622;14.733;7.690;3.884;14.379;10.477;49.412;6.486;9.631;18.263;11.191;6.346;26.419;24.200;4.582;78.822;130.479;18.176;2.093;13.569;11.810;7.027;14.837;30.159;1.764.479;2.328.797
2017/Dez;6.015;4.561;26.657;4.536;11.715;6.710;3.380;8.814;8.761;39.792;6.508;7.400;17.233;9.579;5.535;21.794;21.480;4.090;73.845;120.834;13.430;1.744;10.636;11.290;8.048;12.674;29.966;1.436.515;1.933.542
2018/Jan;8.340;5.500;37.409;5.758;16.150;8.264;4.745;13.397;12.003;58.291;8.896;9.961;21.334;11.861;8.215;30.797;29.805;5.388;95.540;140.348;22.011;6.352;13.815;14.398;7.900;17.829;39.175;2.040.131;2.693.613
2018/Fev;5.831;4.003;27.935;4.865;9.488;5.175;2.504;10.666;8.193;33.493;7.062;7.813;17.489;7.792;6.827;22.036;23.024;4.643;69.105;118.601;16.011;4.661;10.027;9.870;5.975;10.657;24.593;1.543.450;2.021.789
2018/Mar;8.050;5.372;36.999;6.785;13.032;6.964;4.129;14.082;9.171;31.814;7.700;9.093;17.940;11.461;7.067;22.817;26.078;6.353;75.166;132.814;18.592;4.405;12.874;10.900;5.955;14.256;35.097;1.779.612;2.334.578
2018/Abr;8.138;4.983;33.797;8.839;13.091;6.244;4.019;13.665;11.086;50.689;8.532;11.912;20.559;12.575;7.792;25.265;25.701;5.208;93.537;136.002;16.671;3.394;15.757;11.808;6.512;15.011;35.628;1.899.364;2.505.779
2018/Mai;8.408;5.669;29.673;7.345;13.183;6.352;3.210;11.382;11.281;43.007;8.350;9.588;19.886;12.946;8.089;27.408;27.909;6.009;93.091;162.205;20.280;2.411;14.397;15.384;6.747;15.915;33.472;1.923.624;2.547.221
2018/Jun;8.552;4.318;29.299;5.501;14.276;5.642;3.155;9.389;10.569;46.061;7.762;10.168;18.085;10.890;7.455;20.761;28.982;5.412;151.064;150.739;21.191;2.630;16.128;13.421;6.800;15.939;36.602;1.824.914;2.485.705
2018/Jul;9.961;5.108;40.295;7.062;15.567;6.650;3.040;12.006;12.118;53.903;10.085;11.726;19.006;14.884;9.461;28.182;29.747;5.637;36.078;162.994;25.315;1.393;15.990;13.393;6.522;15.876;40.626;2.031.474;2.644.099
2018/Ago;8.877;6.616;35.183;6.689;17.823;7.935;4.996;13.791;11.199;55.595;11.253;12.968;22.464;16.060;9.002;29.677;30.645;6.373;47.316;192.250;24.580;2.731;17.966;12.938;9.010;22.003;40.854;2.206.326;2.883.120
2018/Set;7.828;4.991;28.015;5.747;14.953;7.498;3.570;8.981;12.083;40.875;8.639;10.761;18.104;12.014;6.360;25.914;21.537;4.819;42.452;138.939;20.022;1.597;12.756;13.525;7.767;15.646;32.306;1.747.724;2.275.423
2018/Out;7.936;6.280;33.776;7.128;14.801;8.395;4.636;8.881;11.551;52.603;9.198;11.475;22.529;13.726;7.724;28.410;27.942;6.534;53.410;157.533;27.820;3.117;16.772;13.825;9.553;17.459;41.777;2.127.677;2.752.468
2018/Nov;7.046;5.481;30.427;6.392;13.991;7.623;3.188;7.537;12.086;48.602;7.328;11.018;19.730;11.651;8.354;24.982;24.176;4.591;42.092;136.241;30.934;2.755;14.380;13.795;8.533;16.592;33.304;1.931.036;2.483.865
2018/Dez;6.141;4.195;27.870;6.268;12.911;7.379;3.121;5.644;9.451;39.667;14.892;9.778;15.738;9.513;5.694;20.154;21.012;3.973;36.907;115.226;21.852;2.379;11.445;9.110;6.615;12.670;31.344;1.485.835;1.956.784
2019/Jan;8.027;6.412;41.614;8.674;19.190;9.686;4.370;10.034;12.455;36.371;11.110;12.437;22.081;13.486;8.277;29.996;28.953;6.066;53.147;154.605;30.595;513;15.624;16.741;10.778;16.438;42.130;2.181.216;2.811.026
2019/Fev;6.663;5.349;34.163;7.189;14.748;7.243;3.555;7.957;9.559;27.311;9.888;11.046;18.857;11.810;7.226;22.975;22.806;4.925;45.702;118.152;23.756;2.293;13.013;13.592;8.422;13.410;33.219;1.759.243;2.264.072
2019/Mar;7.195;5.349;39.612;7.459;16.457;8.082;4.031;9.067;10.701;33.567;9.501;10.775;19.229;11.695;7.619;24.204;26.339;6.951;53.462;140.087;27.016;7.096;15.011;14.782;9.137;17.152;36.606;1.948.441;2.526.623
2019/Abr;7.474;5.648;35.933;7.325;16.455;7.988;4.168;8.280;10.315;35.676;10.180;12.555;17.320;12.713;8.006;26.452;28.509;5.836;51.361;143.571;24.280;5.250;17.035;13.768;9.900;15.020;34.443;2.005.218;2.580.679
2019/Mai;7.207;5.810;36.945;7.570;17.094;7.876;4.157;8.807;11.301;34.434;10.998;11.051;17.836;13.394;8.545;25.923;32.987;6.457;56.466;188.244;25.007;5.087;15.881;14.896;9.769;16.259;38.556;2.069.103;2.707.660
2019/Jun;6.365;6.168;32.435;6.317;13.955;6.451;3.802;6.698;9.936;28.996;8.771;8.762;15.032;9.729;6.673;20.692;27.604;4.767;51.479;142.585;22.999;4.745;14.066;12.719;8.455;13.043;32.750;1.701.695;2.227.689
2019/Jul;7.372;6.922;35.752;7.477;15.879;8.028;4.495;10.425;11.937;34.504;11.604;10.482;18.349;13.728;8.804;28.962;30.286;5.774;62.254;163.816;25.999;5.354;15.427;15.497;9.569;15.010;39.882;2.035.277;2.658.865
2019/Ago;6.866;5.510;36.105;7.600;16.777;7.970;4.661;10.976;10.623;32.837;12.293;11.224;21.061;12.589;8.133;28.102;26.748;5.462;61.261;140.339;24.419;4.820;15.561;14.131;9.869;15.896;38.842;1.895.256;2.485.931
2019/Set;5.754;6.081;32.915;6.614;14.501;5.604;3.477;9.877;8.949;29.556;9.544;12.531;18.171;12.302;8.212;20.216;22.943;4.345;43.519;97.751;16.673;3.549;12.437;13.813;7.136;11.491;27.985;1.616.029;2.081.975
2019/Out;6.565;5.820;32.098;7.566;15.624;7.008;4.321;8.187;11.156;29.618;9.937;10.535;18.114;12.073;4.425;23.960;22.163;5.484;47.489;132.197;17.524;4.551;13.721;13.484;9.120;8.582;34.313;1.822.290;2.337.925
2019/Nov;5.891;5.932;30.748;7.062;15.348;5.919;3.912;6.258;10.678;31.074;7.147;10.514;16.571;10.543;4.565;21.280;24.661;5.011;95.390;129.926;18.475;5.144;13.720;13.698;7.784;8.571;28.072;1.663.107;2.207.001
2019/Dez;3.959;4.563;25.399;4.806;7.808;5.122;2.579;5.139;6.449;21.319;5.874;3.090;11.790;7.823;4.633;12.007;14.923;4.369;44.038;93.467;10.753;1.244;9.536;11.089;4.826;4.450;22.684;1.055.369;1.409.108
2020/Jan;8.506;7.072;43.197;9.029;13.450;9.280;5.949;4.622;14.006;42.589;10.009;8.713;22.466;14.333;4.708;33.279;29.150;7.077;65.493;177.286;28.410;3.299;17.282;10.587;10.526;10.878;47.189;1.927.794;2.586.179
2020/Fev;6.283;4.206;30.036;7.351;11.535;5.717;4.634;4.793;8.518;36.488;8.077;6.757;16.190;11.887;4.688;21.752;22.584;4.448;54.704;131.485;18.659;4.613;14.541;6.700;8.174;8.181;36.138;1.569.758;2.068.897
2020/Mar;6.054;4.039;28.570;6.860;10.638;3.646;4.363;4.847;9.099;27.450;8.335;8.247;13.512;11.652;6.158;29.210;23.956;4.920;62.177;144.915;18.829;2.266;14.686;9.028;5.911;14.367;32.391;1.459.088;1.975.214
2020/Abr;4.005;2.735;5.374;6.671;5.340;868;4.291;2.246;5.056;27.344;6.335;6.022;10.506;7.729;4.066;23.231;25.917;3.368;45.506;113.210;16.576;2.234;14.327;7.989;6.522;12.653;29.694;1.403.010;1.802.825
2020/Mai;6.872;4.469;33.605;5.663;11.937;1.841;5.066;3.827;7.763;33.075;9.065;9.016;16.966;11.902;5.491;31.841;23.306;4.951;62.847;138.053;22.273;3.926;17.078;11.115;9.094;19.519;39.847;1.724.559;2.274.967
2020/Jun;6.108;3.817;38.055;5.659;16.395;3.922;5.092;6.625;8.956;40.197;8.404;10.503;17.197;12.633;5.387;45.418;25.899;4.880;77.626;137.970;21.582;4.329;17.616;11.861;8.499;16.557;38.763;1.804.890;2.404.840
2020/Jul;7.803;3.800;33.130;11.839;14.907;6.582;4.853;8.263;8.408;35.323;9.772;11.859;20.099;16.250;6.495;42.762;45.457;6.208;73.388;134.684;20.521;3.919;16.183;11.254;7.633;15.978;38.123;2.141.497;2.756.990
2020/Ago;8.516;4.615;41.467;6.449;12.874;5.362;4.926;8.462;9.904;42.041;9.851;7.659;21.056;13.390;11.204;32.265;48.122;10.881;77.546;131.811;23.640;5.460;18.181;13.297;8.870;16.844;45.981;1.958.023;2.598.697
2020/Set;7.615;5.116;37.113;6.753;13.179;6.742;4.447;8.021;9.064;24.149;10.078;8.753;20.582;12.867;6.426;26.579;25.195;5.402;65.893;134.246;21.935;3.347;15.708;11.433;8.149;17.526;38.180;1.787.171;2.341.669
2020/Out;9.072;6.476;49.800;7.170;14.103;7.500;6.165;10.283;17.136;41.201;13.805;9.774;23.567;14.797;9.398;22.499;29.569;7.478;88.988;156.245;23.492;4.225;19.351;14.098;10.572;32.673;43.781;2.259.325;2.952.543
2020/Nov;7.512;5.343;33.491;6.208;13.042;2.938;4.669;8.366;11.286;23.421;10.298;6.336;19.567;11.009;7.996;21.792;21.254;4.618;73.621;109.676;23.092;3.648;16.574;11.931;8.460;17.354;34.975;1.724.127;2.242.604
2020/Dez;5.154;4.384;29.860;5.897;9.265;5.146;3.583;6.467;9.459;21.896;8.407;5.308;14.449;9.757;6.670;21.953;20.366;4.745;50.919;104.102;15.033;3.083;13.096;8.676;5.883;15.167;30.721;1.318.303;1.757.749
2021/Jan;5.670;4.994;23.115;6.437;11.032;6.274;4.294;8.783;10.435;30.811;8.433;8.395;17.450;10.756;7.152;18.064;20.889;4.950;59.864;129.618;19.118;5.375;13.914;9.264;7.431;17.315;35.298;1.612.638;2.117.769
2021/Fev;5.027;4.010;29.670;5.789;9.841;5.709;3.354;7.059;9.301;18.578;7.616;5.922;14.032;9.694;5.956;18.949;18.272;3.893;50.907;93.073;15.242;4.243;11.520;8.060;5.819;14.345;27.061;1.351.559;1.764.501
2021/Mar;6.078;4.658;35.021;7.097;10.572;5.268;3.818;7.609;9.498;24.173;8.715;6.651;17.338;11.679;7.216;21.238;21.711;4.841;62.006;115.812;17.493;4.982;13.268;8.406;6.794;20.059;35.577;1.584.346;2.081.924
2021/Abr;6.070;4.895;32.849;6.557;12.406;7.188;4.102;8.161;10.743;27.956;9.096;6.390;14.268;10.421;6.645;1.820;20.518;5.298;57.371;110.047;17.639;5.850;12.010;11.175;7.632;24.908;32.528;1.588.488;2.063.031
2021/Mai;5.870;5.497;36.052;6.306;12.246;5.434;3.723;7.401;9.848;22.851;8.575;6.466;14.692;11.597;6.600;6.678;20.722;5.411;61.511;115.585;21.442;4.866;5.266;9.016;7.251;15.323;36.340;1.543.852;2.016.421
2021/Jun;5.827;4.012;31.509;6.230;12.127;4.442;4.047;7.249;9.912;23.007;7.989;7.285;14.507;9.760;5.633;3.601;22.571;5.092;60.166;102.160;17.766;4.343;13.856;9.068;6.892;15.124;34.062;1.465.752;1.913.989
2021/Jul;6.055;4.856;34.172;6.072;10.394;4.011;3.900;8.355;8.908;25.141;9.363;7.160;16.295;12.378;8.275;12.781;21.883;5.474;63.629;105.786;20.579;5.022;14.229;9.276;7.415;16.742;33.808;1.576.662;2.058.621
2021/Ago;6.144;4.533;31.588;5.985;11.422;4.022;3.970;7.885;10.290;24.917;8.859;6.240;15.521;10.773;7.849;14.060;23.955;4.599;58.862;119.200;19.798;4.697;14.481;9.822;7.488;16.228;30.284;1.597.432;2.080.904
2021/Set;5.899;4.163;31.235;6.235;10.634;3.815;3.910;8.118;9.889;24.325;7.903;6.053;14.823;11.240;7.147;12.086;20.964;4.582;54.892;107.218;17.956;4.224;13.500;8.957;6.974;15.170;30.083;1.498.701;1.950.696
2021/Out;5.764;3.945;32.988;6.295;11.092;3.848;3.119;8.462;11.552;25.145;9.923;6.653;16.404;10.704;7.837;2.619;21.229;4.215;53.659;112.807;17.898;4.631;14.448;9.437;6.294;16.637;31.718;1.575.755;2.035.078
2021/Nov;5.448;4.556;32.726;7.082;11.447;4.224;4.056;10.573;10.522;22.960;8.227;5.674;13.401;10.451;7.494;31.032;20.314;4.513;53.265;98.441;19.401;4.392;13.565;9.422;7.216;17.144;27.752;1.538.980;2.004.278
2021/Dez;4.580;3.540;25.484;6.087;8.735;3.820;3.387;7.739;8.734;19.236;7.034;5.016;12.648;9.704;6.642;19.879;17.863;4.263;44.971;87.278;16.644;3.935;12.416;8.586;5.998;12.736;29.254;1.266.957;1.663.166
2022/Jan;5.561;4.176;35.447;7.108;10.826;4.403;3.916;9.302;9.560;16.185;7.016;5.388;14.939;11.549;7.679;27.381;18.457;4.375;47.513;91.104;16.887;4.038;11.650;9.662;7.012;14.474;31.251;1.489.996;1.926.855
2022/Fev;5.350;4.178;30.083;6.182;10.468;4.219;3.642;8.911;8.990;20.947;7.995;4.680;13.411;10.126;6.969;25.006;16.998;5.260;42.449;85.498;16.096;4.976;11.868;9.036;6.155;12.894;27.890;1.393.560;1.803.837
2022/Mar;6.358;4.942;37.899;7.492;10.823;4.832;4.176;8.598;10.479;22.778;8.650;5.632;14.079;11.004;8.430;13.967;20.337;4.686;48.107;103.771;18.840;4.961;13.527;10.886;7.322;16.469;34.766;1.683.722;2.147.533
2022/Abr;5.931;4.125;41.743;6.155;9.249;4.134;3.861;9.370;9.274;22.699;4.895;5.526;12.544;9.728;7.651;11.432;20.700;3.390;44.080;94.860;15.782;4.527;12.974;8.724;6.469;14.093;30.345;1.443.240;1.867.501
2022/Mai;6.709;4.683;52.320;5.904;10.712;4.212;4.411;9.815;10.963;24.432;8.544;5.659;16.310;12.320;8.243;17.371;14.888;2.817;52.670;103.336;17.738;5.033;15.381;11.014;7.590;14.491;34.996;1.872.932;2.355.494
2022/Jun;6.738;4.350;45.826;5.622;10.241;4.646;4.005;8.215;10.480;21.683;7.243;5.325;15.621;10.509;6.636;8.168;21.364;3.282;56.579;89.525;17.350;4.541;15.523;12.025;7.069;14.019;31.887;1.791.090;2.239.562
2022/Jul;5.838;4.010;41.422;6.581;9.388;4.286;3.939;9.843;9.844;22.654;8.430;6.437;15.549;12.844;8.608;19.456;21.329;4.092;57.826;115.833;18.670;5.318;14.952;10.967;7.686;15.175;32.824;1.836.353;2.330.154
2022/Ago;7.233;4.754;44.037;7.348;12.892;5.176;4.668;10.716;12.308;27.483;9.294;7.833;17.527;13.018;8.343;15.845;24.824;4.498;62.127;116.105;19.954;6.265;16.554;10.973;8.914;16.207;37.961;2.056.099;2.588.956
2022/Set;6.372;3.983;34.219;6.589;10.809;4.726;4.408;8.252;10.507;24.405;9.282;7.768;15.710;11.707;7.470;14.912;21.296;3.986;55.548;98.792;18.887;5.685;14.056;11.073;7.847;13.713;32.910;1.751.299;2.216.211
2022/Out;6.707;4.484;30.606;6.680;10.998;4.703;3.950;8.198;9.796;23.567;8.949;7.803;15.859;11.661;7.177;18.842;19.511;4.639;61.262;135.803;21.470;5.148;14.403;10.851;7.274;14.988;33.678;1.730.966;2.239.973
2022/Nov;5.851;4.446;32.997;5.734;10.235;5.296;4.128;8.417;10.394;22.049;8.244;6.735;13.777;10.956;6.557;17.088;22.931;4.012;49.603;103.607;16.798;4.635;13.668;11.047;6.940;14.257;29.444;1.687.947;2.137.793
2022/Dez;5.311;4.299;28.855;6.561;10.071;5.654;3.387;7.977;8.790;22.698;7.408;6.769;13.101;11.776;6.293;20.121;16.279;3.821;45.447;105.373;16.135;4.434;12.667;10.077;6.368;13.318;29.828;1.400.614;1.833.432
